GFI1b_subpool1_1	TGCATCTTTGGTCATTGCCA
GFI1b_subpool1_2	TTTGGTCATTGCCACGGTCA
GFI1b_subpool1_3	GAAGGCAGGGACCGTGACCG
GFI1b_subpool1_4	CCAGCAGGGATGGGAAGGCA
GFI1b_subpool1_5	CCCTGCCTTCCCATCCCTGC
GFI1b_subpool1_6	GCCAGCAGGGATGGGAAGGC
GFI1b_subpool1_7	ACGAGCCAGCAGGGATGGGA
GFI1b_subpool1_8	TTCCCATCCCTGCTGGCTCG
GFI1b_subpool1_9	TCCCATCCCTGCTGGCTCGT
GFI1b_subpool1_10	TCCCACGAGCCAGCAGGGAT
GFI1b_subpool1_11	ATCCCACGAGCCAGCAGGGA
GFI1b_subpool1_12	AGACATCCCACGAGCCAGCA
GFI1b_subpool1_13	TAGACATCCCACGAGCCAGC
GFI1b_subpool1_14	GCTGGCTCGTGGGATGTCTA
GFI1b_subpool1_15	CTGGCTCGTGGGATGTCTAC
GFI1b_subpool1_16	TGGCTCGTGGGATGTCTACG
GFI1b_subpool1_17	GGATGTCTACGGGGCTTGCC
GFI1b_subpool1_18	CGGGGCTTGCCTGGCACCCC
GFI1b_subpool1_19	AGAGGAGGGCCGGGGGTGCC
GFI1b_subpool1_20	GGAGTGCAGAGGAGGGCCGG
GFI1b_subpool1_21	AGGAGTGCAGAGGAGGGCCG
GFI1b_subpool1_22	GGCCCTCCTCTGCACTCCTC
GFI1b_subpool1_23	TTCCTGAGGAGTGCAGAGGA
GFI1b_subpool2_1	CTTCCTGAGGAGTGCAGAGG
GFI1b_subpool2_2	CTCCTCTGCACTCCTCAGGA
GFI1b_subpool2_3	TTCCTTCCTGAGGAGTGCAG
GFI1b_subpool2_4	TCTGCACTCCTCAGGAAGGA
GFI1b_subpool2_5	CTCCTCAGGAAGGAAGGTTC
GFI1b_subpool2_6	ATCCTGAACCTTCCTTCCTG
GFI1b_subpool2_7	CCCTGAGCTCAGCCTCCCCA
GFI1b_subpool2_8	CCTTGGGGAGGCTGAGCTCA
GFI1b_subpool2_9	GCCTTGGGGAGGCTGAGCTC
GFI1b_subpool2_10	TCTAAAGAGCTGCCTTGGGG
GFI1b_subpool2_11	GCTTCTAAAGAGCTGCCTTG
GFI1b_subpool2_12	GGCTTCTAAAGAGCTGCCTT
GFI1b_subpool2_13	AGGCTTCTAAAGAGCTGCCT
GFI1b_subpool2_14	TAGAAGCCTACAATCTTAGC
GFI1b_subpool2_15	CGGTTTCCAGCTAAGATTGT
GFI1b_subpool2_16	ATCTTAGCTGGAAACCGTCA
GFI1b_subpool2_17	GCTGGAAACCGTCACGGTTA
GFI1b_subpool2_18	CTGGAAACCGTCACGGTTAA
GFI1b_subpool2_19	GAGGAAACCCTTAACCGTGA
GFI1b_subpool2_20	CACGGTTAAGGGTTTCCTCC
GFI1b_subpool2_21	GGTTAAGGGTTTCCTCCCGG
GFI1b_subpool2_22	GGCGCTGGGGAGCCACCGGG
GFI1b_subpool2_23	AGGGGCGCTGGGGAGCCACC
GFI1b_subpool3_1	GAGGGGCGCTGGGGAGCCAC
GFI1b_subpool3_2	CTCCCCAGCGCCCCTCAGCC
GFI1b_subpool3_3	GGCCGGGCTGAGGGGCGCTG
GFI1b_subpool3_4	AGGCCGGGCTGAGGGGCGCT
GFI1b_subpool3_5	CAGGCCGGGCTGAGGGGCGC
GFI1b_subpool3_6	AAGTCTCAGGCCGGGCTGAG
GFI1b_subpool3_7	TAAGTCTCAGGCCGGGCTGA
GFI1b_subpool3_8	ATAAGTCTCAGGCCGGGCTG
GFI1b_subpool3_9	GCAGTGATAAGTCTCAGGCC
GFI1b_subpool3_10	GGCAGTGATAAGTCTCAGGC
GFI1b_subpool3_11	GGGGGGCAGTGATAAGTCTC
GFI1b_subpool3_12	ACTTATCACTGCCCCCCAGC
GFI1b_subpool3_13	GGAGGGGGGCACCAGCTGGG
GFI1b_subpool3_14	AGGAGGGGGGCACCAGCTGG
GFI1b_subpool3_15	GAGGAGGGGGGCACCAGCTG
GFI1b_subpool3_16	GGAGGAGGGGGGCACCAGCT
GFI1b_subpool3_17	AGGAGGAGGGGGGCACCAGC
GFI1b_subpool3_18	CAGGGTGAGGTGGTTGGAGG
GFI1b_subpool3_19	CTCCTCCAACCACCTCACCC
GFI1b_subpool3_20	TCCTCCAACCACCTCACCCT
GFI1b_subpool3_21	ACCCAGGGTGAGGTGGTTGG
GFI1b_subpool3_22	ATCACCCAGGGTGAGGTGGT
GFI1b_subpool3_23	CTGAATCACCCAGGGTGAGG
GFI1b_subpool4_1	TTGCTGAATCACCCAGGGTG
GFI1b_subpool4_2	AAGATTTGCTGAATCACCCA
GFI1b_subpool4_3	GAAGATTTGCTGAATCACCC
GFI1b_subpool4_4	CAGCAAATCTTCCCTCCATG
GFI1b_subpool4_5	AGCAAATCTTCCCTCCATGA
GFI1b_subpool4_6	GCAAATCTTCCCTCCATGAG
GFI1b_subpool4_7	GATTACAAAGCCCTAACTGT
GFI1b_subpool4_8	ATTACAAAGCCCTAACTGTA
GFI1b_subpool4_9	CAAAGCCCTAACTGTAGGGC
GFI1b_subpool4_10	AGGGGCCTGCCCTACAGTTA
GFI1b_subpool4_11	CAGGGGCCTGCCCTACAGTT
GFI1b_subpool4_12	CTAACTGTAGGGCAGGCCCC
GFI1b_subpool4_13	CTGTAGGGCAGGCCCCTGGC
GFI1b_subpool4_14	TGTAGGGCAGGCCCCTGGCA
GFI1b_subpool4_15	AGGCCCCTGGCAGGGAGATA
GFI1b_subpool4_16	GGCCCCTGGCAGGGAGATAA
GFI1b_subpool4_17	GACCCTTATCTCCCTGCCAG
GFI1b_subpool4_18	AGACCCTTATCTCCCTGCCA
GFI1b_subpool4_19	GAGACCCTTATCTCCCTGCC
GFI1b_subpool4_20	CCAGAGAGGCTTTGAGGGTG
GFI1b_subpool4_21	CCCCACCCTCAAAGCCTCTC
GFI1b_subpool4_22	GCCAGAGAGGCTTTGAGGGT
GFI1b_subpool4_23	TGCCAGAGAGGCTTTGAGGG
GFI1b_subpool5_1	ATCTGCCAGAGAGGCTTTGA
GFI1b_subpool5_2	TATCTGCCAGAGAGGCTTTG
GFI1b_subpool5_3	AGGAGGTTTATCTGCCAGAG
GFI1b_subpool5_4	ATAAACCTCCTAGAGCAGCA
GFI1b_subpool5_5	TAAACCTCCTAGAGCAGCAT
GFI1b_subpool5_6	GCAGCCCATGCTGCTCTAGG
GFI1b_subpool5_7	AGTGCAGCCCATGCTGCTCT
GFI1b_subpool5_8	AGCATGGGCTGCACTGCTGC
GFI1b_subpool5_9	GGGCTGCACTGCTGCAGGTG
GFI1b_subpool5_10	GGCTGCACTGCTGCAGGTGT
GFI1b_subpool5_11	GCTGCACTGCTGCAGGTGTG
GFI1b_subpool5_12	GCACTGCTGCAGGTGTGGGG
GFI1b_subpool5_13	CACTGCTGCAGGTGTGGGGT
GFI1b_subpool5_14	ACTGCTGCAGGTGTGGGGTG
GFI1b_subpool5_15	GGTGGGGAGGCCTGGCCTCA
GFI1b_subpool5_16	GGCCTGGCCTCACGGAAGTC
GFI1b_subpool5_17	GACCAGACTTCCGTGAGGCC
GFI1b_subpool5_18	GGCCTCACGGAAGTCTGGTC
GFI1b_subpool5_19	GCCTCACGGAAGTCTGGTCA
GFI1b_subpool5_20	CCCCTGACCAGACTTCCGTG
GFI1b_subpool5_21	CCTCACGGAAGTCTGGTCAG
GFI1b_subpool5_22	GAAGTCTGGTCAGGGGACAC
GFI1b_subpool5_23	AAGTCTGGTCAGGGGACACA
GFI1b_subpool6_1	AGGGGACACAGGGCCCTGCC
GFI1b_subpool6_2	CAGGGCCCTGCCAGGAGCTG
GFI1b_subpool6_3	AGGGCCCTGCCAGGAGCTGA
GFI1b_subpool6_4	TGGGCCCTCAGCTCCTGGCA
GFI1b_subpool6_5	GTGGGCCCTCAGCTCCTGGC
GFI1b_subpool6_6	AGCTGTGGGCCCTCAGCTCC
GFI1b_subpool6_7	GGAGCTGAGGGCCCACAGCT
GFI1b_subpool6_8	CTGCACAGTGGCCGAGCTGT
GFI1b_subpool6_9	TCTGCACAGTGGCCGAGCTG
GFI1b_subpool6_10	GCTCGGCCACTGTGCAGAGC
GFI1b_subpool6_11	CTTTGGCCAGCTCTGCACAG
GFI1b_subpool6_12	CTGTGCAGAGCTGGCCAAAG
GFI1b_subpool6_13	TGGCCAAAGAGGAAGTGCCA
GFI1b_subpool6_14	TGGCCGTGGCACTTCCTCTT
GFI1b_subpool6_15	GGCAACATCAATGCTGGCCG
GFI1b_subpool6_16	TGGGATGGCAACATCAATGC
GFI1b_subpool6_17	TGCCATCCCAACAACTGCCT
GFI1b_subpool6_18	CTCCAAGGCAGTTGTTGGGA
GFI1b_subpool6_19	CATCCCAACAACTGCCTTGG
GFI1b_subpool6_20	ATCCCAACAACTGCCTTGGA
GFI1b_subpool6_21	TTCCCTCCAAGGCAGTTGTT
GFI1b_subpool6_22	TTTCCCTCCAAGGCAGTTGT
GFI1b_subpool6_23	GCCTTGGAGGGAAAAAGAGA
